INSERT INTO categories (id, name)
VALUES (1, 'Ciencia'),
       (2, 'Tecnología'),
       (3, 'Energía'),
       (4, 'Paleontología'),
       (5, 'Salud'),
       (6, 'Medio Ambiente'),
       (7, 'Deportes'),
       (8, 'Economía'),
       (9, 'Internacional'),
       (10, 'Seguridad');

INSERT INTO news (id, title, image, description, content)
VALUES (1, 'Descubrimiento en Marte', 'https://cdn.pixabay.com/photo/2021/01/17/02/02/planets-5923806_1280.jpg',
        'La NASA encuentra evidencia de agua en Marte.',
        'Científicos de la NASA han descubierto rastros de agua en la superficie marciana, lo que aumenta la posibilidad de vida en el planeta rojo. El hallazgo se realizó mediante el análisis de imágenes de alta resolución capturadas por el rover Perseverance, que identificó formaciones geológicas consistentes con la presencia de agua líquida en el pasado reciente. "Este descubrimiento es revolucionario porque sugiere que el agua no solo existió hace millones de años, sino que podría haber actividad acuífera subterránea aún en la actualidad", explicó la Dra. Elena Ramírez, jefa del equipo de investigación. Los científicos ahora planean dirigir el rover hacia estas zonas para realizar análisis químicos detallados del suelo y buscar posibles biomarcadores. Si se confirma la presencia de agua líquida en Marte, esto podría cambiar drásticamente nuestras perspectivas sobre la habitabilidad del planeta y acelerar los planes para misiones tripuladas en la próxima década.'),

       (2, 'Avance en IA', 'https://cdn.pixabay.com/photo/2021/01/17/02/02/planets-5923806_1280.jpg',
        'Nueva inteligencia artificial supera a los humanos en lógica.',
        'Investigadores han desarrollado un modelo de inteligencia artificial que supera a los humanos en tareas de razonamiento lógico y resolución de problemas complejos. El sistema, denominado LogicNet-7, fue creado por un equipo internacional de científicos de computación y ha demostrado capacidades sin precedentes para analizar y resolver problemas que tradicionalmente requerían intuición humana. En pruebas controladas, LogicNet-7 superó a expertos humanos en un 87% de los casos presentados, incluyendo problemas matemáticos no resueltos y paradojas filosóficas. "Lo que hace único a este sistema es su capacidad para explicar su razonamiento paso a paso, de manera que resulta comprensible para los humanos", señaló el Dr. Javier Méndez, uno de los desarrolladores principales. Este avance plantea importantes cuestiones sobre el futuro de la investigación científica y la posibilidad de que la IA pueda contribuir a resolver problemas fundamentales en campos como la física teórica, la medicina y la economía. Sin embargo, también ha generado preocupación entre algunos expertos que advierten sobre los riesgos de depender excesivamente de sistemas autónomos para tareas críticas.'),

       (3, 'Revolución en Energía Solar', 'https://cdn.pixabay.com/photo/2021/01/17/02/02/planets-5923806_1280.jpg',
        'Nuevo panel solar promete eficiencia del 50%.',
        'Una startup ha creado un nuevo material que permite a los paneles solares alcanzar una eficiencia récord, reduciendo costos y mejorando la sostenibilidad. La tecnología, desarrollada por SolarTech Innovations, utiliza un compuesto de perovskita modificada que puede absorber un espectro más amplio de luz solar y convertirla en electricidad con una eficiencia nunca antes alcanzada en condiciones comerciales. Los paneles actuales tienen una eficiencia promedio del 20-22%, mientras que estos nuevos dispositivos han demostrado consistentemente alcanzar el 48-52% en pruebas de campo. "Estamos hablando de una revolución energética que podría reducir a la mitad el espacio necesario para instalaciones solares y disminuir drásticamente el costo por kilovatio-hora", explicó María Rodríguez, CEO de la compañía. Además, el proceso de fabricación requiere menos energía y materiales tóxicos que los paneles convencionales, lo que representa un doble beneficio ambiental. Varios gobiernos ya han mostrado interés en implementar esta tecnología a gran escala, y se espera que los primeros paneles comerciales estén disponibles para finales del próximo año, una vez que se completen las certificaciones de seguridad y durabilidad.'),

       (4, 'Descubrimiento de Dinosaurio', 'https://cdn.pixabay.com/photo/2021/01/17/02/02/planets-5923806_1280.jpg',
        'Hallan fósil de dinosaurio nunca antes visto.',
        'Paleontólogos descubrieron en Argentina el fósil de una nueva especie de dinosaurio que podría cambiar la historia de la evolución. El ejemplar, bautizado como Patagoniacrusor magnificus, presenta características anatómicas nunca antes observadas que sugieren una rama evolutiva completamente desconocida hasta ahora. El hallazgo ocurrió en la región de la Patagonia durante una expedición rutinaria y ha sido calificado como "el descubrimiento paleontológico más importante de las últimas tres décadas". Con aproximadamente 95 millones de años de antigüedad, este dinosaurio medía alrededor de 15 metros de longitud y presentaba tanto rasgos de terópodos como de saurópodos, lo que desafía las clasificaciones actuales. "Lo más fascinante es que encontramos el esqueleto casi completo, incluyendo tejidos blandos fosilizados que revelan detalles sobre su piel y posibles plumas primitivas", explicó el Dr. Carlos Mendoza, líder de la investigación. El análisis preliminar del cráneo sugiere capacidades cognitivas superiores a las de otros dinosaurios de su época, lo que plantea nuevas preguntas sobre la inteligencia y comportamiento social de estas criaturas. El fósil será exhibido en el Museo de Ciencias Naturales de Buenos Aires después de completar los estudios científicos correspondientes.'),

       (5, 'Avance en Medicina', 'https://cdn.pixabay.com/photo/2021/01/17/02/02/planets-5923806_1280.jpg',
        'Cura experimental para el cáncer muestra éxito.',
        'Un tratamiento experimental contra el cáncer ha mostrado resultados prometedores en pacientes en fase terminal, abriendo nuevas posibilidades para la medicina. La terapia, desarrollada por científicos del Instituto de Investigación Biomédica, combina inmunoterapia personalizada con edición genética CRISPR para atacar específicamente las células cancerígenas sin dañar el tejido sano. En el ensayo clínico de fase II, el 78% de los pacientes con cáncer de páncreas metastásico —tradicionalmente uno de los más letales y resistentes a tratamientos— mostró una remisión completa o parcial después de seis meses de tratamiento. "Lo revolucionario de este enfoque es que adaptamos el tratamiento al perfil genético específico de cada tumor y cada paciente", explicó la Dra. Sofía Hernández, directora de la investigación. "Esencialmente, reprogramamos el sistema inmunitario del paciente para que reconozca y elimine las células cancerosas con una precisión sin precedentes". Los efectos secundarios han sido notablemente menos severos que en la quimioterapia tradicional, con la mayoría de pacientes reportando solo fatiga moderada y reacciones inflamatorias temporales. Si los resultados se mantienen en la fase III de ensayos clínicos, esta terapia podría estar disponible para ciertos tipos de cáncer en aproximadamente dos años, marcando un antes y después en el tratamiento de esta enfermedad.'),

       (6, 'Explosión en Planta Nuclear', 'https://cdn.pixabay.com/photo/2021/01/17/02/02/planets-5923806_1280.jpg',
        'Accidente en planta nuclear de Europa genera alarma.',
        'Una explosión en una central nuclear ha provocado la evacuación de miles de personas y un llamado a revisión de las políticas energéticas. El incidente ocurrió en la madrugada del martes en la central de Nordheim, ubicada a 120 kilómetros de la capital, cuando un fallo en el sistema de refrigeración del reactor 3 desencadenó una reacción en cadena que culminó en una explosión de moderada intensidad. Aunque las autoridades aseguran que la contención primaria no ha sido comprometida, se han detectado niveles elevados de radiación en un radio de 5 kilómetros alrededor de la instalación. "Hemos activado todos los protocolos de emergencia y establecido un perímetro de seguridad", declaró Hans Mueller, portavoz de la Agencia de Seguridad Nuclear. Aproximadamente 15.000 residentes han sido evacuados a centros temporales, mientras equipos especializados trabajan para estabilizar el reactor. Organizaciones ambientalistas han aprovechado el incidente para exigir un plan acelerado de cierre de centrales nucleares, mientras que expertos en energía advierten sobre la necesidad de mejorar los estándares de seguridad. Este es el accidente nuclear más grave en Europa desde el incidente de Fukushima, y ha generado tensiones diplomáticas con países vecinos que exigen transparencia en la gestión de la crisis.'),

       (7, 'Nuevo Récord en Deporte', 'https://cdn.pixabay.com/photo/2021/01/17/02/02/planets-5923806_1280.jpg',
        'Atleta rompe récord mundial en maratón.',
        'Un corredor de Kenia ha batido el récord mundial de maratón, finalizando la carrera en un tiempo sin precedentes. Eliud Kipchoge, de 38 años, completó los 42,195 kilómetros del Maratón de Berlín en un impresionante tiempo de 1 hora, 58 minutos y 23 segundos, pulverizando su propio récord anterior por casi dos minutos. Este logro es particularmente significativo porque es la primera vez que se rompe oficialmente la barrera de las 2 horas en una competición homologada, un hito que muchos expertos consideraban físicamente imposible hace apenas una década. "Siempre supe que los límites humanos están más allá de lo que imaginamos", declaró Kipchoge tras la carrera. "Mi objetivo nunca fue solo romper el récord, sino inspirar a la próxima generación a soñar más grande". El análisis preliminar de su rendimiento revela un ritmo extraordinariamente constante y una estrategia de hidratación y nutrición meticulosamente planificada. Fisiólogos deportivos ya están estudiando los datos biométricos recogidos durante la carrera para entender mejor las capacidades del cuerpo humano en condiciones extremas. Este logro ha reavivado el debate sobre los límites del rendimiento atlético y el papel que juegan la genética, el entrenamiento avanzado y las nuevas tecnologías en equipamiento deportivo.'),

       (8, 'Crisis Financiera', 'https://cdn.pixabay.com/photo/2021/01/17/02/02/planets-5923806_1280.jpg',
        'Los mercados colapsan tras caída de bolsa.',
        'La bolsa de valores sufrió una de sus peores caídas en la historia reciente, lo que ha generado preocupación a nivel global. El índice Dow Jones experimentó un desplome del 12.3% en una sola jornada, mientras que mercados asiáticos y europeos registraron pérdidas similares en las horas siguientes, desencadenando una reacción en cadena que ha borrado más de 3.2 billones de dólares en valor de mercado global. El colapso se atribuye a una combinación de factores, incluyendo tensiones geopolíticas, indicadores económicos débiles y el colapso repentino de dos importantes instituciones financieras que habían estado ocultando problemas de liquidez durante meses. "Estamos presenciando una tormenta perfecta de factores negativos que han socavado la confianza de los inversores", explicó Roberto García, analista jefe de estrategia global en Goldman Sachs. Los bancos centrales de las principales economías han convocado reuniones de emergencia para discutir posibles intervenciones coordinadas, mientras los gobiernos intentan calmar a los mercados asegurando que tomarán medidas para estabilizar la situación. Economistas advierten que esta crisis podría extenderse al sector real de la economía, afectando empleos y crecimiento económico si no se implementan medidas efectivas rápidamente. Pequeños inversores y fondos de pensiones han sido particularmente afectados, generando preocupación sobre el impacto a largo plazo en los ahorros para la jubilación de millones de trabajadores.'),

       (9, 'Descubrimiento Arqueológico en el Amazonas',
        'https://cdn.pixabay.com/photo/2021/01/17/02/02/planets-5923806_1280.jpg',
        'Hallazgo revela civilización desconocida en la selva amazónica.',
        'Un equipo internacional de arqueólogos ha descubierto los restos de una antigua civilización en el corazón de la Amazonía, desafiando las teorías establecidas sobre el desarrollo humano en la región. La expedición, liderada por la Universidad de São Paulo en colaboración con arqueólogos de tres continentes, utilizó tecnología lidar de última generación para detectar estructuras monumentales ocultas bajo el denso dosel selvático. Las imágenes revelaron un complejo urbano que se extiende por más de 50 kilómetros cuadrados, con pirámides, canales hidráulicos y plazas ceremoniales que datan de aproximadamente 800 d.C. "Este descubrimiento reescribe completamente lo que sabíamos sobre las civilizaciones precolombinas en la Amazonía", afirmó la Dra. Luciana Costa, directora del proyecto. "La sofisticación de estas estructuras sugiere una sociedad altamente organizada con conocimientos avanzados de ingeniería, astronomía y gestión de recursos naturales". Los análisis preliminares de artefactos encontrados en el sitio indican que esta civilización mantenía complejas redes comerciales con otras culturas de América del Sur y posiblemente desarrolló sistemas de escritura aún no descifrados. El hallazgo ha generado un intenso debate académico sobre por qué esta avanzada civilización desapareció repentinamente alrededor del año 1200 d.C., con teorías que van desde cambios climáticos drásticos hasta epidemias devastadoras. El gobierno brasileño ha declarado la zona como patrimonio cultural protegido y está trabajando con científicos para estudiar el sitio mientras se preserva de posibles daños.'),

       (10, 'Innovación en Transporte', 'https://cdn.pixabay.com/photo/2021/01/17/02/02/planets-5923806_1280.jpg',
        'Primer tren de levitación magnética comercial alcanza 600 km/h.',
        'Japón ha inaugurado la primera línea comercial de trenes de levitación magnética (maglev) capaz de alcanzar velocidades de 600 kilómetros por hora, revolucionando el transporte ferroviario mundial. La línea Chūō Shinkansen, que conecta Tokio con Nagoya, reduce el tiempo de viaje entre ambas ciudades de 90 a apenas 40 minutos, utilizando tecnología de superconductores que elimina la fricción con los rieles. "Este sistema representa el mayor avance en transporte terrestre desde la invención del tren de alta velocidad original", declaró Hiroshi Tanaka, presidente de Central Japan Railway Company. A diferencia de los trenes convencionales, el maglev flota a 10 centímetros sobre la vía, impulsado por poderosos campos electromagnéticos que eliminan el contacto físico y permiten acelerar y frenar con una eficiencia energética sin precedentes. El proyecto, que ha tardado más de tres décadas en desarrollarse y ha costado aproximadamente 52.000 millones de dólares, incluye túneles que atraviesan montañas y sistemas de seguridad avanzados diseñados para resistir terremotos. China y Corea del Sur ya han expresado interés en adquirir la tecnología, mientras que la Unión Europea está evaluando su implementación en el corredor Berlín-Viena. Expertos en transporte señalan que esta tecnología podría eventualmente reemplazar vuelos de corta distancia, reduciendo significativamente las emisiones de carbono asociadas con viajes regionales.'),

       (11, 'Hallazgo en Medicina Regenerativa',
        'https://cdn.pixabay.com/photo/2021/01/17/02/02/planets-5923806_1280.jpg',
        'Científicos logran regenerar extremidades amputadas en mamíferos.',
        'Un equipo de investigadores ha conseguido regenerar por primera vez extremidades completamente funcionales en mamíferos adultos, abriendo posibilidades revolucionarias para pacientes amputados. El estudio, realizado por científicos del Instituto de Medicina Regenerativa de Boston, logró estimular la regeneración de patas traseras amputadas en ratas de laboratorio mediante una combinación de terapia génica, matrices extracelulares modificadas y estimulación eléctrica específica. "Los resultados superaron todas nuestras expectativas", explicó el Dr. Michael Chang, investigador principal. "No solo obtuvimos regeneración completa de tejidos, incluyendo hueso, músculo, nervios y piel, sino que las extremidades regeneradas mostraron función neuromotora casi idéntica a las originales". El proceso de regeneración tomó aproximadamente 18 semanas y se completó sin efectos secundarios significativos. Los animales recuperaron el 92% de la funcionalidad en las extremidades regeneradas, según las pruebas motoras realizadas. Este avance se basa en el descubrimiento de que ciertos genes relacionados con la regeneración, activos en anfibios como las salamandras, pueden reactivarse en mamíferos mediante tratamientos específicos. Los investigadores ya han solicitado autorización para iniciar ensayos clínicos en primates no humanos como paso previo a posibles aplicaciones en humanos. Si los resultados se confirman, esta tecnología podría revolucionar el tratamiento de amputaciones y transformar la vida de millones de personas en todo el mundo, aunque los expertos advierten que la aplicación clínica en humanos podría tardar al menos una década en desarrollarse completamente.'),

       (12, 'Crisis Climática', 'https://cdn.pixabay.com/photo/2021/01/17/02/02/planets-5923806_1280.jpg',
        'Nivel del mar alcanza punto crítico amenazando ciudades costeras.',
        'Un nuevo informe del Panel Intergubernamental sobre Cambio Climático (IPCC) advierte que el aumento del nivel del mar ha alcanzado un punto de inflexión que amenaza a decenas de ciudades costeras en todo el mundo. Según los datos satelitales más recientes, la tasa de elevación del nivel marino se ha acelerado a 5.3 milímetros por año, significativamente por encima de las proyecciones anteriores. "Estamos observando un derretimiento sin precedentes en Groenlandia y la Antártida occidental que está aportando volúmenes de agua dulce a los océanos mucho más rápido de lo previsto", explicó la Dra. Emma Richardson, oceanógrafa principal del estudio. El informe identifica 43 ciudades importantes, entre ellas Miami, Bangkok, Yakarta y Venecia, que enfrentarán inundaciones catastróficas recurrentes en los próximos 15 años si no se implementan medidas de adaptación inmediatas. Algunas naciones insulares del Pacífico ya han comenzado a evacuar comunidades enteras, convirtiéndose en los primeros refugiados climáticos oficialmente reconocidos. Ingenieros de varios países están desarrollando y desplegando soluciones emergentes, desde barreras marinas flotantes hasta "ciudades esponja" diseñadas para absorber y gestionar grandes volúmenes de agua. Sin embargo, el informe advierte que estas medidas solo serán efectivas si se combinan con una reducción drástica de emisiones de gases de efecto invernadero a nivel global. "Hemos entrado en un territorio desconocido en términos de cambio climático", concluye el documento, "y las consecuencias económicas y sociales serán incomparablemente más costosas que las medidas preventivas necesarias".'),

       (13, 'Revolución en Computación Cuántica',
        'https://cdn.pixabay.com/photo/2021/01/17/02/02/planets-5923806_1280.jpg',
        'Primer ordenador cuántico comercial resuelve problemas insolubles para supercomputadoras tradicionales.',
        'IBM ha anunciado el lanzamiento del primer ordenador cuántico comercialmente viable que ha demostrado superioridad cuántica en aplicaciones prácticas del mundo real. El sistema, denominado Quantum Eagle, utiliza 1,024 qubits estables y ha resuelto en minutos problemas de optimización logística que hubieran tomado siglos a los supercomputadores más potentes actuales. "Esto marca el comienzo de una nueva era en computación", declaró el Dr. Robert Klein, director de investigación cuántica de IBM. "Por primera vez, podemos ofrecer a empresas e instituciones acceso a capacidades computacionales que simplemente no eran posibles hasta ahora". En una demostración pública, Quantum Eagle optimizó las rutas de entrega para una cadena de suministro global con 10 millones de variables interdependientes, reduciendo los costos proyectados en un 37% y el consumo de combustible en un 41%. La máquina utiliza una combinación revolucionaria de superconductores y cristales de tiempo que permite mantener la coherencia cuántica durante períodos sin precedentes. Expertos en criptografía advierten que esta tecnología también plantea desafíos para los sistemas de seguridad actuales, ya que puede romper rápidamente la mayoría de los cifrados convencionales. En respuesta, agencias gubernamentales y empresas financieras están acelerando la implementación de algoritmos criptográficos resistentes a ataques cuánticos. IBM ha anunciado que ofrecerá acceso a Quantum Eagle a través de la nube con un modelo de precios por uso, permitiendo a organizaciones de todos los tamaños experimentar con esta revolucionaria tecnología.'),

       (14, 'Tensión Internacional', 'https://cdn.pixabay.com/photo/2021/01/17/02/02/planets-5923806_1280.jpg',
        'Disputa territorial en el Ártico desencadena crisis diplomática entre potencias.',
        'Una escalada de tensiones por los derechos de exploración en el Ártico ha desencadenado una grave crisis diplomática entre Rusia, Estados Unidos, Canadá y varias naciones europeas. El conflicto se intensificó cuando Rusia instaló una plataforma de perforación petrolífera en aguas disputadas y desplegó varios buques militares para proteger la instalación. "Estamos ejerciendo nuestros derechos legítimos sobre recursos naturales que pertenecen a nuestro territorio continental extendido, según lo establecido por estudios geológicos recientes", declaró el ministro de Relaciones Exteriores ruso. Estados Unidos y sus aliados han respondido enviando grupos navales a la región y convocando sesiones de emergencia en el Consejo de Seguridad de la ONU. La disputa se centra en aproximadamente 1.2 millones de kilómetros cuadrados de lecho marino potencialmente rico en petróleo, gas natural y minerales estratégicos, cuya accesibilidad ha aumentado debido al deshielo acelerado causado por el cambio climático. Analistas de seguridad internacional advierten que la situación podría derivar en un conflicto de baja intensidad si fracasan los esfuerzos diplomáticos en curso. "El Ártico se ha convertido en el nuevo punto caliente geopolítico del siglo XXI", explicó la Dra. Sandra Morrison, especialista en política internacional. "Combina recursos naturales valiosos, rutas marítimas emergentes y cuestiones de soberanía nacional que están exacerbadas por las transformaciones ambientales". La Comisión Internacional para los Límites de la Plataforma Continental de la ONU ha anunciado que acelerará su evaluación de las reclamaciones territoriales superpuestas, pero su veredicto podría tardar varios años en emitirse.'),

       (15, 'Avance en Inteligencia Artificial Médica',
        'https://cdn.pixabay.com/photo/2021/01/17/02/02/planets-5923806_1280.jpg',
        'IA diagnostica enfermedades raras con mayor precisión que médicos especialistas.',
        'Un sistema de inteligencia artificial desarrollado por investigadores de la Universidad de Stanford ha demostrado superar consistentemente a médicos especialistas en el diagnóstico de enfermedades raras y complejas. El sistema, denominado MediScan, fue entrenado con más de 50 millones de historiales médicos anonimizados y ha mostrado una precisión diagnóstica del 96.8% en enfermedades que típicamente requieren meses o años para ser correctamente identificadas. "Lo revolucionario de MediScan es su capacidad para integrar y analizar simultáneamente datos extremadamente diversos: desde resultados de laboratorio y síntomas reportados hasta sutiles patrones en imágenes médicas que podrían pasar desapercibidos para el ojo humano", explicó la Dra. Jennifer Wong, directora del proyecto. En un estudio publicado en Nature Medicine, el sistema diagnosticó correctamente 31 enfermedades raras que habían desconcertado a equipos médicos durante un promedio de 18 meses, estableciendo diagnósticos precisos en cuestión de minutos. Entre las condiciones identificadas se encontraban síndromes genéticos poco comunes, trastornos autoinmunes atípicos y presentaciones inusuales de enfermedades metabólicas. Autoridades sanitarias de varios países ya están implementando programas piloto para integrar esta tecnología en sus sistemas de salud pública, con especial énfasis en regiones con escasez de especialistas. "MediScan no pretende reemplazar a los médicos, sino proporcionarles una herramienta poderosa que amplifica sus capacidades diagnósticas", aclaró Wong. "La decisión final siempre recae en el profesional sanitario, pero ahora cuentan con un asistente extraordinariamente capaz que nunca se cansa y que tiene acceso instantáneo a toda la literatura médica mundial".');

INSERT INTO news_categories (news_id, category_id)
VALUES (1, 1), -- Descubrimiento en Marte → Ciencia
    (1, 9),    -- Descubrimiento en Marte → Internacional

    (2, 1),    -- Avance en IA → Ciencia
    (2, 2),    -- Avance en IA → Tecnología

    (3, 1),    -- Revolución en Energía Solar → Ciencia
    (3, 3),    -- Revolución en Energía Solar → Energía
    (3, 6),    -- Revolución en Energía Solar → Medio Ambiente

    (4, 4),    -- Descubrimiento de Dinosaurio → Paleontología
    (4, 1),    -- Descubrimiento de Dinosaurio → Ciencia

    (5, 1),    -- Avance en Medicina → Ciencia
    (5, 5),    -- Avance en Medicina → Salud

    (6, 10),   -- Explosión en Planta Nuclear → Seguridad
    (6, 9),    -- Explosión en Planta Nuclear → Internacional

    (7, 7),    -- Nuevo Récord en Deporte → Deportes

    (8, 8),    -- Crisis Financiera → Economía
    (8, 9),    -- Crisis Financiera → Internacional

    (9, 1),    -- Descubrimiento Arqueológico → Ciencia
    (9, 9),    -- Descubrimiento Arqueológico → Internacional

    (10, 2),   -- Innovación en Transporte → Tecnología
    (10, 9),   -- Innovación en Transporte → Internacional

    (11, 1),   -- Hallazgo en Medicina Regenerativa → Ciencia
    (11, 5),   -- Hallazgo en Medicina Regenerativa → Salud

    (12, 6),   -- Crisis Climática → Medio Ambiente
    (12, 9),   -- Crisis Climática → Internacional

    (13, 1),   -- Revolución en Computación Cuántica → Ciencia
    (13, 2),   -- Revolución en Computación Cuántica → Tecnología

    (14, 9),   -- Tensión Internacional → Internacional
    (14, 10),  -- Tensión Internacional → Seguridad

    (15, 2),   -- Avance en IA Médica → Tecnología
    (15, 5); -- Avance en IA Médica → Salud

insert into users (username, full_name, password)
values ('abi', 'Abisai Herrera', '$2a$10$0nm5d8a9Rp7exLsguh/I1us0SKH89MIFS6qUvyGgtilxBuK4/9e.O');